n;alpha;t_le;latency
3;0.0;0;8.7418
3;0.0;0;7.0968
3;0.0;0;6.3354
3;0.0;0;9.5133
3;0.0;0;8.7902
3;0.0;2;7.4292
3;0.0;2;7.4489
3;0.0;2;8.0971
3;0.0;2;9.9351
3;0.0;2;7.7986
3;0.0;5;6.0691
3;0.0;5;10.5057
3;0.0;5;7.7666
3;0.0;5;10.0653
3;0.0;5;8.3265
3;0.0;10;6.4063
3;0.0;10;7.0617
3;0.0;10;6.501
3;0.0;10;6.8281
3;0.0;10;10.5408
3;0.0;20;10.5938
3;0.0;20;10.0515
3;0.0;20;7.2172
3;0.0;20;6.828
3;0.0;20;8.6321
3;0.0;50;7.8226
3;0.0;50;7.2284
3;0.0;50;8.7326
3;0.0;50;7.9668
3;0.0;50;7.6614
3;0.0;100;7.2524
3;0.0;100;7.6135
3;0.0;100;7.4808
3;0.0;100;7.5721
3;0.0;100;9.2769
3;0.0;150;6.4431
3;0.0;150;7.2554
3;0.0;150;6.8758
3;0.0;150;7.7937
3;0.0;150;8.4533
3;0.0;200;6.7362
3;0.0;200;6.7615
3;0.0;200;6.5954
3;0.0;200;8.5444
3;0.0;200;7.339
3;0.0;250;8.5738
3;0.0;250;12.2489
3;0.0;250;7.5742
3;0.0;250;13.2896
3;0.0;250;7.0026
3;0.0;300;10.8483
3;0.0;300;7.8744
3;0.0;300;7.3443
3;0.0;300;8.0513
3;0.0;300;7.0281
3;0.0;350;8.3374
3;0.0;350;7.1973
3;0.0;350;9.4196
3;0.0;350;7.2362
3;0.0;350;7.232
3;0.0;400;7.6817
3;0.0;400;8.1632
3;0.0;400;6.8429
3;0.0;400;8.8322
3;0.0;400;7.1859
3;0.0;450;8.1645
3;0.0;450;7.4177
3;0.0;450;7.4898
3;0.0;450;7.2596
3;0.0;450;7.3094
3;0.0;500;6.7082
3;0.0;500;8.2541
3;0.0;500;6.7757
3;0.0;500;10.3046
3;0.0;500;7.1961
3;0.0;550;13.7143
3;0.0;550;9.3049
3;0.0;550;12.1891
3;0.0;550;10.3643
3;0.0;550;9.4996
3;0.0;600;11.2192
3;0.0;600;10.0597
3;0.0;600;6.7271
3;0.0;600;7.4941
3;0.0;600;6.7332
3;0.0;650;10.5224
3;0.0;650;7.1086
3;0.0;650;9.1773
3;0.0;650;7.3135
3;0.0;650;7.5233
3;0.0;700;7.5518
3;0.0;700;8.4733
3;0.0;700;8.3124
3;0.0;700;8.4255
3;0.0;700;9.4795
3;0.0;750;7.8975
3;0.0;750;6.961
3;0.0;750;7.358
3;0.0;750;7.0519
3;0.0;750;7.6678
3;0.0;800;6.7676
3;0.0;800;6.5573
3;0.0;800;7.5073
3;0.0;800;7.8967
3;0.0;800;7.2886
3;0.0;850;7.7636
3;0.0;850;6.1805
3;0.0;850;7.7605
3;0.0;850;8.5587
3;0.0;850;7.3684
3;0.0;900;8.6212
3;0.0;900;7.8249
3;0.0;900;16.2758
3;0.0;900;10.7857
3;0.0;900;9.5338
3;0.0;950;7.31
3;0.0;950;9.0312
3;0.0;950;9.0339
3;0.0;950;7.3424
3;0.0;950;56.8517
3;0.0;1000;10.7774
3;0.0;1000;7.4478
3;0.0;1000;6.2846
3;0.0;1000;7.9477
3;0.0;1000;8.634
3;0.1;0;9.2958
3;0.1;0;7.9
3;0.1;0;7.5984
3;0.1;0;8.5299
3;0.1;0;7.0039
3;0.1;2;7.9184
3;0.1;2;8.3037
3;0.1;2;8.6954
3;0.1;2;9.3085
3;0.1;2;8.1078
3;0.1;5;7.8069
3;0.1;5;6.5688
3;0.1;5;8.9859
3;0.1;5;7.7672
3;0.1;5;14.5039
3;0.1;10;7.5065
3;0.1;10;9.0568
3;0.1;10;6.6975
3;0.1;10;7.1925
3;0.1;10;8.2946
3;0.1;20;8.6639
3;0.1;20;7.6476
3;0.1;20;7.3678
3;0.1;20;7.3392
3;0.1;20;6.896
3;0.1;50;9.053
3;0.1;50;12.0097
3;0.1;50;9.0423
3;0.1;50;10.1232
3;0.1;50;8.4152
3;0.1;100;8.447
3;0.1;100;6.9139
3;0.1;100;9.4775
3;0.1;100;8.1295
3;0.1;100;8.5123
3;0.1;150;6.2109
3;0.1;150;10.1815
3;0.1;150;7.6016
3;0.1;150;10.421
3;0.1;150;7.7529
3;0.1;200;11.045
3;0.1;200;9.7681
3;0.1;200;7.7377
3;0.1;200;7.8012
3;0.1;200;10.5158
3;0.1;250;8.7976
3;0.1;250;8.0954
3;0.1;250;8.6957
3;0.1;250;11.4855
3;0.1;250;8.8483
3;0.1;300;9.1879
3;0.1;300;8.7196
3;0.1;300;10.1957
3;0.1;300;7.5807
3;0.1;300;9.5253
3;0.1;350;8.2498
3;0.1;350;7.3562
3;0.1;350;7.632
3;0.1;350;6.9127
3;0.1;350;8.1857
3;0.1;400;6.4579
3;0.1;400;8.1444
3;0.1;400;7.131
3;0.1;400;8.3501
3;0.1;400;7.4279
3;0.1;450;9.0119
3;0.1;450;9.3706
3;0.1;450;8.0465
3;0.1;450;12.3706
3;0.1;450;7.5734
3;0.1;500;9.8448
3;0.1;500;8.7008
3;0.1;500;7.9857
3;0.1;500;9.5402
3;0.1;500;7.8971
3;0.1;550;6.7112
3;0.1;550;11.8917
3;0.1;550;8.9391
3;0.1;550;8.8274
3;0.1;550;7.8744
3;0.1;600;8.7739
3;0.1;600;10.0754
3;0.1;600;7.9531
3;0.1;600;9.4187
3;0.1;600;9.7425
3;0.1;650;10.0269
3;0.1;650;8.7144
3;0.1;650;8.9726
3;0.1;650;12.0855
3;0.1;650;7.9653
3;0.1;700;9.8857
3;0.1;700;7.7247
3;0.1;700;8.5225
3;0.1;700;7.5681
3;0.1;700;8.0185
3;0.1;750;6.6117
3;0.1;750;11.0292
3;0.1;750;9.0589
3;0.1;750;9.0344
3;0.1;750;8.007
3;0.1;800;10.4933
3;0.1;800;8.9228
3;0.1;800;8.3248
3;0.1;800;7.9829
3;0.1;800;8.0386
3;0.1;850;9.0357
3;0.1;850;10.5853
3;0.1;850;8.5838
3;0.1;850;7.968
3;0.1;850;9.3483
3;0.1;900;12.1846
3;0.1;900;8.4576
3;0.1;900;8.1557
3;0.1;900;10.3018
3;0.1;900;7.8296
3;0.1;950;8.1388
3;0.1;950;7.5508
3;0.1;950;7.349
3;0.1;950;8.9231
3;0.1;950;10.8561
3;0.1;1000;6.8145
3;0.1;1000;8.0087
3;0.1;1000;7.891
3;0.1;1000;7.9685
3;0.1;1000;8.0619
3;0.3;0;8.9982
3;0.3;0;9.6421
3;0.3;0;10.3105
3;0.3;0;9.2341
3;0.3;0;12.5242
3;0.3;2;9.7017
3;0.3;2;9.5611
3;0.3;2;10.2072
3;0.3;2;8.8403
3;0.3;2;7.6784
3;0.3;5;8.0541
3;0.3;5;8.4159
3;0.3;5;8.2796
3;0.3;5;4.2857
3;0.3;5;7.6269
3;0.3;10;7.4828
3;0.3;10;9.4962
3;0.3;10;8.9486
3;0.3;10;7.9784
3;0.3;10;9.3084
3;0.3;20;7.8337
3;0.3;20;7.4615
3;0.3;20;8.8969
3;0.3;20;7.5041
3;0.3;20;9.9178
3;0.3;50;7.7362
3;0.3;50;8.7086
3;0.3;50;7.4454
3;0.3;50;14.8145
3;0.3;50;9.7959
3;0.3;100;11.4521
3;0.3;100;9.2044
3;0.3;100;9.7144
3;0.3;100;9.9219
3;0.3;100;10.6306
3;0.3;150;9.5376
3;0.3;150;9.022
3;0.3;150;8.0955
3;0.3;150;10.5182
3;0.3;150;11.1785
3;0.3;200;7.1953
3;0.3;200;6.3884
3;0.3;200;6.5757
3;0.3;200;8.4052
3;0.3;200;8.6629
3;0.3;250;7.9033
3;0.3;250;7.9278
3;0.3;250;8.9566
3;0.3;250;15.8743
3;0.3;250;8.3643
3;0.3;300;7.8522
3;0.3;300;8.887
3;0.3;300;6.6062
3;0.3;300;6.287
3;0.3;300;7.2659
3;0.3;350;7.5515
3;0.3;350;6.6213
3;0.3;350;13.9083
3;0.3;350;11.1831
3;0.3;350;9.9496
3;0.3;400;14.6358
3;0.3;400;14.336
3;0.3;400;18.9443
3;0.3;400;7.2569
3;0.3;400;6.4833
3;0.3;450;7.1439
3;0.3;450;7.2635
3;0.3;450;8.1687
3;0.3;450;8.9679
3;0.3;450;6.5811
3;0.3;500;8.7347
3;0.3;500;8.1674
3;0.3;500;6.5148
3;0.3;500;7.3514
3;0.3;500;7.0051
3;0.3;550;7.7394
3;0.3;550;10.2881
3;0.3;550;8.2683
3;0.3;550;8.4867
3;0.3;550;6.5443
3;0.3;600;6.493
3;0.3;600;7.6585
3;0.3;600;6.9718
3;0.3;600;9.3386
3;0.3;600;10.0333
3;0.3;650;7.9966
3;0.3;650;8.6904
3;0.3;650;10.9697
3;0.3;650;6.2521
3;0.3;650;8.2245
3;0.3;700;10.1479
3;0.3;700;10.2801
3;0.3;700;7.8813
3;0.3;700;7.3017
3;0.3;700;8.039
3;0.3;750;7.0652
3;0.3;750;15.0292
3;0.3;750;16.0051
3;0.3;750;10.5306
3;0.3;750;8.5025
3;0.3;800;9.3052
3;0.3;800;6.9121
3;0.3;800;11.0362
3;0.3;800;6.361
3;0.3;800;7.475
3;0.3;850;6.334
3;0.3;850;6.1243
3;0.3;850;7.9802
3;0.3;850;6.426
3;0.3;850;7.7245
3;0.3;900;9.2818
3;0.3;900;7.6076
3;0.3;900;8.2888
3;0.3;900;6.4523
3;0.3;900;6.7742
3;0.3;950;8.338
3;0.3;950;7.3635
3;0.3;950;8.0247
3;0.3;950;8.0258
3;0.3;950;6.7544
3;0.3;1000;8.6459
3;0.3;1000;8.1624
3;0.3;1000;7.4916
3;0.3;1000;10.5233
3;0.3;1000;7.1716
3;0.5;0;9.5115
3;0.5;0;11.0145
3;0.5;0;9.5945
3;0.5;0;8.124
3;0.5;0;9.5811
3;0.5;2;8.4307
3;0.5;2;8.5574
3;0.5;2;7.8649
3;0.5;2;7.5405
3;0.5;2;7.5391
3;0.5;5;8.1377
3;0.5;5;6.7275
3;0.5;5;8.2939
3;0.5;5;7.0473
3;0.5;5;7.1017
3;0.5;10;6.7028
3;0.5;10;7.1448
3;0.5;10;6.4016
3;0.5;10;8.3171
3;0.5;10;10.0144
3;0.5;20;8.1342
3;0.5;20;9.433
3;0.5;20;7.101
3;0.5;20;7.555
3;0.5;20;9.9407
3;0.5;50;7.0128
3;0.5;50;8.0089
3;0.5;50;7.6668
3;0.5;50;8.5018
3;0.5;50;10.1117
3;0.5;100;12.8535
3;0.5;100;8.6438
3;0.5;100;10.8798
3;0.5;100;8.2833
3;0.5;100;9.5416
3;0.5;150;15.5686
3;0.5;150;8.0413
3;0.5;150;9.2628
3;0.5;150;7.5723
3;0.5;150;7.8558
3;0.5;200;8.5521
3;0.5;200;7.7955
3;0.5;200;9.5133
3;0.5;200;15.5909
3;0.5;200;24.7422
3;0.5;250;12.672
3;0.5;250;13.312
3;0.5;250;10.292
3;0.5;250;7.1201
3;0.5;250;7.5056
3;0.5;300;7.2338
3;0.5;300;7.4151
3;0.5;300;6.398
3;0.5;300;8.6843
3;0.5;300;6.7678
3;0.5;350;9.685
3;0.5;350;7.7269
3;0.5;350;7.4155
3;0.5;350;8.9979
3;0.5;350;7.4067
3;0.5;400;13.1042
3;0.5;400;12.569
3;0.5;400;9.6138
3;0.5;400;12.141
3;0.5;400;7.6386
3;0.5;450;9.8378
3;0.5;450;8.2813
3;0.5;450;8.891
3;0.5;450;6.6017
3;0.5;450;15.7373
3;0.5;500;18.2885
3;0.5;500;7.22
3;0.5;500;9.7273
3;0.5;500;8.1347
3;0.5;500;8.121
3;0.5;550;8.0192
3;0.5;550;11.1174
3;0.5;550;7.7123
3;0.5;550;8.0354
3;0.5;550;12.1871
3;0.5;600;10.903
3;0.5;600;7.1043
3;0.5;600;9.5456
3;0.5;600;12.0201
3;0.5;600;14.5125
3;0.5;650;6.2813
3;0.5;650;10.1274
3;0.5;650;9.682
3;0.5;650;8.7158
3;0.5;650;6.0026
3;0.5;700;8.8423
3;0.5;700;7.8573
3;0.5;700;7.1124
3;0.5;700;5.6527
3;0.5;700;8.1416
3;0.5;750;5.9466
3;0.5;750;7.4744
3;0.5;750;6.8913
3;0.5;750;7.5765
3;0.5;750;7.3429
3;0.5;800;6.2184
3;0.5;800;45.4902
3;0.5;800;10.3098
3;0.5;800;8.8884
3;0.5;800;11.3252
3;0.5;850;9.2258
3;0.5;850;8.3394
3;0.5;850;8.5016
3;0.5;850;7.9318
3;0.5;850;8.0291
3;0.5;900;8.862
3;0.5;900;8.2447
3;0.5;900;9.1067
3;0.5;900;9.9836
3;0.5;900;8.6662
3;0.5;950;6.868
3;0.5;950;7.22
3;0.5;950;8.3277
3;0.5;950;15.5278
3;0.5;950;5.8817
3;0.5;1000;8.7413
3;0.5;1000;9.1124
3;0.5;1000;10.4943
3;0.5;1000;7.4599
3;0.5;1000;6.516
3;0.7;0;7.996
3;0.7;0;13.0182
3;0.7;0;6.9382
3;0.7;0;8.4149
3;0.7;0;9.7392
3;0.7;2;7.5491
3;0.7;2;7.7747
3;0.7;2;8.0735
3;0.7;2;6.7672
3;0.7;2;9.7855
3;0.7;5;6.6042
3;0.7;5;12.6044
3;0.7;5;8.1505
3;0.7;5;6.4722
3;0.7;5;7.5718
3;0.7;10;7.6333
3;0.7;10;7.7093
3;0.7;10;5.9484
3;0.7;10;7.1886
3;0.7;10;7.8265
3;0.7;20;9.3327
3;0.7;20;7.3097
3;0.7;20;13.3971
3;0.7;20;7.2236
3;0.7;20;9.64
3;0.7;50;10.3237
3;0.7;50;11.1285
3;0.7;50;8.8848
3;0.7;50;6.8652
3;0.7;50;5.9982
3;0.7;100;6.9493
3;0.7;100;8.1986
3;0.7;100;7.5838
3;0.7;100;6.8011
3;0.7;100;8.1098
3;0.7;150;5.6744
3;0.7;150;7.2409
3;0.7;150;6.2348
3;0.7;150;6.5019
3;0.7;150;8.2184
3;0.7;200;9.9416
3;0.7;200;9.1327
3;0.7;200;5.7985
3;0.7;200;7.3433
3;0.7;200;7.8274
3;0.7;250;6.7031
3;0.7;250;7.4735
3;0.7;250;9.6668
3;0.7;250;9.4826
3;0.7;250;6.4832
3;0.7;300;8.746
3;0.7;300;7.6887
3;0.7;300;8.5157
3;0.7;300;8.9644
3;0.7;300;8.7742
3;0.7;350;6.0165
3;0.7;350;7.2687
3;0.7;350;8.613
3;0.7;350;9.3917
3;0.7;350;10.8336
3;0.7;400;10.1189
3;0.7;400;8.0939
3;0.7;400;7.6982
3;0.7;400;9.268
3;0.7;400;7.8807
3;0.7;450;8.9018
3;0.7;450;9.267
3;0.7;450;9.1554
3;0.7;450;13.2584
3;0.7;450;7.4086
3;0.7;500;5.9062
3;0.7;500;7.0437
3;0.7;500;7.4435
3;0.7;500;14.455
3;0.7;500;16.3896
3;0.7;550;8.9782
3;0.7;550;8.8936
3;0.7;550;14.3431
3;0.7;550;14.7592
3;0.7;550;9.224
3;0.7;600;13.7288
3;0.7;600;10.8118
3;0.7;600;13.4482
3;0.7;600;10.41
3;0.7;600;10.5982
3;0.7;650;8.6806
3;0.7;650;8.3443
3;0.7;650;14.2904
3;0.7;650;6.6211
3;0.7;650;10.2161
3;0.7;700;9.1187
3;0.7;700;9.4599
3;0.7;700;7.2742
3;0.7;700;8.9995
3;0.7;700;8.0824
3;0.7;750;8.3412
3;0.7;750;7.2048
3;0.7;750;13.8751
3;0.7;750;7.2986
3;0.7;750;6.8803
3;0.7;800;8.8909
3;0.7;800;8.2445
3;0.7;800;8.2448
3;0.7;800;16.7652
3;0.7;800;9.4312
3;0.7;850;15.1784
3;0.7;850;8.2319
3;0.7;850;13.6016
3;0.7;850;22.407
3;0.7;850;6.453
3;0.7;900;8.3242
3;0.7;900;13.7604
3;0.7;900;8.8713
3;0.7;900;7.1047
3;0.7;900;12.963
3;0.7;950;11.5492
3;0.7;950;12.2001
3;0.7;950;12.1963
3;0.7;950;7.4476
3;0.7;950;11.2028
3;0.7;1000;11.6049
3;0.7;1000;10.1043
3;0.7;1000;9.771
3;0.7;1000;8.7298
3;0.7;1000;5.1435
3;0.9;0;14.7017
3;0.9;0;7.5736
3;0.9;0;8.1767
3;0.9;0;8.0182
3;0.9;0;8.836
3;0.9;2;12.6814
3;0.9;2;7.2471
3;0.9;2;10.3807
3;0.9;2;13.264
3;0.9;2;10.7005
3;0.9;5;6.3305
3;0.9;5;6.3499
3;0.9;5;12.9999
3;0.9;5;8.0361
3;0.9;5;7.4409
3;0.9;10;7.9026
3;0.9;10;8.2865
3;0.9;10;7.666
3;0.9;10;9.4267
3;0.9;10;9.3212
3;0.9;20;8.8864
3;0.9;20;7.3232
3;0.9;20;11.4929
3;0.9;20;8.9394
3;0.9;20;6.4432
3;0.9;50;9.3154
3;0.9;50;10.0239
3;0.9;50;9.7786
3;0.9;50;8.8499
3;0.9;50;9.691
3;0.9;100;9.813
3;0.9;100;6.8195
3;0.9;100;7.8278
3;0.9;100;8.4364
3;0.9;100;6.9331
3;0.9;150;9.3864
3;0.9;150;9.9958
3;0.9;150;7.9504
3;0.9;150;8.5806
3;0.9;150;12.2211
3;0.9;200;7.6416
3;0.9;200;12.8988
3;0.9;200;11.4196
3;0.9;200;11.3536
3;0.9;200;23.0125
3;0.9;250;8.5987
3;0.9;250;9.9505
3;0.9;250;7.2295
3;0.9;250;7.64
3;0.9;250;8.8037
3;0.9;300;9.0034
3;0.9;300;7.7681
3;0.9;300;10.1961
3;0.9;300;10.4485
3;0.9;300;8.8221
3;0.9;350;9.12
3;0.9;350;9.9291
3;0.9;350;8.8814
3;0.9;350;8.666
3;0.9;350;7.7718
3;0.9;400;6.7517
3;0.9;400;9.9202
3;0.9;400;7.8469
3;0.9;400;13.146
3;0.9;400;6.9132
3;0.9;450;10.3518
3;0.9;450;11.0327
3;0.9;450;10.5069
3;0.9;450;9.0036
3;0.9;450;8.0952
3;0.9;500;9.5597
3;0.9;500;12.0633
3;0.9;500;8.2908
3;0.9;500;9.2764
3;0.9;500;12.8822
3;0.9;550;7.6164
3;0.9;550;7.2364
3;0.9;550;9.4974
3;0.9;550;8.3169
3;0.9;550;8.4994
3;0.9;600;9.44
3;0.9;600;8.344
3;0.9;600;14.7613
3;0.9;600;10.5989
3;0.9;600;17.6733
3;0.9;650;12.2912
3;0.9;650;8.0396
3;0.9;650;9.0258
3;0.9;650;9.4701
3;0.9;650;9.8198
3;0.9;700;7.8872
3;0.9;700;7.7304
3;0.9;700;11.576
3;0.9;700;7.2746
3;0.9;700;11.0997
3;0.9;750;8.1558
3;0.9;750;7.6684
3;0.9;750;8.2695
3;0.9;750;7.3592
3;0.9;750;8.4822
3;0.9;800;8.1046
3;0.9;800;6.7262
3;0.9;800;8.5459
3;0.9;800;7.6583
3;0.9;800;9.2914
3;0.9;850;7.4762
3;0.9;850;6.7854
3;0.9;850;7.8545
3;0.9;850;8.0508
3;0.9;850;6.6064
3;0.9;900;11.8246
3;0.9;900;8.2144
3;0.9;900;8.5839
3;0.9;900;8.212
3;0.9;900;8.3526
3;0.9;950;9.5846
3;0.9;950;10.6303
3;0.9;950;8.2883
3;0.9;950;9.2325
3;0.9;950;7.6762
3;0.9;1000;10.791
3;0.9;1000;7.563
3;0.9;1000;7.498
3;0.9;1000;7.5322
3;0.9;1000;10.4823
3;1.0;0;7.702
3;1.0;0;6.4957
3;1.0;0;9.2719
3;1.0;0;9.1556
3;1.0;0;9.6609
3;1.0;2;10.1716
3;1.0;2;9.6946
3;1.0;2;8.0294
3;1.0;2;7.3936
3;1.0;2;7.9233
3;1.0;5;6.9666
3;1.0;5;7.5195
3;1.0;5;7.9264
3;1.0;5;9.9773
3;1.0;5;7.8818
3;1.0;10;10.3588
3;1.0;10;9.0703
3;1.0;10;8.5295
3;1.0;10;6.5331
3;1.0;10;8.5052
3;1.0;20;6.6381
3;1.0;20;11.6274
3;1.0;20;7.0407
3;1.0;20;8.1825
3;1.0;20;6.9045
3;1.0;50;7.5782
3;1.0;50;6.6768
3;1.0;50;8.4815
3;1.0;50;7.1213
3;1.0;50;4.6571
3;1.0;100;12.5778
3;1.0;100;9.4452
3;1.0;100;8.8001
3;1.0;100;8.5744
3;1.0;100;8.7488
3;1.0;150;7.7647
3;1.0;150;16.9016
3;1.0;150;8.6351
3;1.0;150;6.8477
3;1.0;150;8.8311
3;1.0;200;6.749
3;1.0;200;6.9723
3;1.0;200;6.5256
3;1.0;200;8.7076
3;1.0;200;8.0801
3;1.0;250;7.1968
3;1.0;250;19.1199
3;1.0;250;12.3494
3;1.0;250;6.8272
3;1.0;250;8.8373
3;1.0;300;31.0253
3;1.0;300;6.0537
3;1.0;300;10.1184
3;1.0;300;7.9173
3;1.0;300;7.6371
3;1.0;350;7.5966
3;1.0;350;7.3454
3;1.0;350;7.8811
3;1.0;350;7.0374
3;1.0;350;7.5964
3;1.0;400;8.515
3;1.0;400;7.6891
3;1.0;400;10.2345
3;1.0;400;6.5849
3;1.0;400;9.3792
3;1.0;450;8.2253
3;1.0;450;8.2747
3;1.0;450;6.2943
3;1.0;450;9.6374
3;1.0;450;8.4848
3;1.0;500;13.615
3;1.0;500;6.5842
3;1.0;500;8.8816
3;1.0;500;7.2882
3;1.0;500;8.7193
3;1.0;550;7.2663
3;1.0;550;6.6832
3;1.0;550;8.2022
3;1.0;550;7.0502
3;1.0;550;7.7964
3;1.0;600;5.7152
3;1.0;600;7.6119
3;1.0;600;12.2399
3;1.0;600;7.306
3;1.0;600;6.9817
3;1.0;650;8.3901
3;1.0;650;15.9559
3;1.0;650;8.2358
3;1.0;650;9.0917
3;1.0;650;14.0118
3;1.0;700;8.4357
3;1.0;700;8.1445
3;1.0;700;6.9683
3;1.0;700;5.8748
3;1.0;700;7.6976
3;1.0;750;8.067
3;1.0;750;7.4314
3;1.0;750;8.0036
3;1.0;750;8.0554
3;1.0;750;9.3276
3;1.0;800;7.4177
3;1.0;800;6.55
3;1.0;800;9.9495
3;1.0;800;8.1607
3;1.0;800;8.5381
3;1.0;850;7.5767
3;1.0;850;7.1921
3;1.0;850;7.3452
3;1.0;850;8.8651
3;1.0;850;8.9041
3;1.0;900;8.8134
3;1.0;900;9.8579
3;1.0;900;7.4046
3;1.0;900;7.8948
3;1.0;900;8.3859
3;1.0;950;16.1214
3;1.0;950;15.2676
3;1.0;950;12.8464
3;1.0;950;8.5328
3;1.0;950;7.5713
3;1.0;1000;11.5644
3;1.0;1000;7.7269
3;1.0;1000;10.9903
3;1.0;1000;10.3682
3;1.0;1000;9.7328
3;0.0;0;17.6039
3;0.0;0;12.1368
3;0.0;0;11.4626
3;0.0;0;13.435
3;0.0;0;12.4513
3;0.0;2;6.7936
3;0.0;2;9.886
3;0.0;2;11.6721
3;0.0;2;10.0753
3;0.0;2;7.9878
3;0.0;5;11.326
3;0.0;5;12.097
3;0.0;5;9.3548
3;0.0;5;10.2621
3;0.0;5;10.6242
3;0.0;10;7.2277
3;0.0;10;15.8246
3;0.0;10;10.1795
3;0.0;10;10.6686
3;0.0;10;8.0725
3;0.0;20;7.2517
3;0.0;20;8.2543
3;0.0;20;7.6569
3;0.0;20;11.0711
3;0.0;20;8.5277
3;0.0;50;8.0886
3;0.0;50;7.0057
3;0.0;50;7.5251
3;0.0;50;9.1943
3;0.0;50;18.9074
3;0.0;100;17.5658
3;0.0;100;9.2626
3;0.0;100;8.8178
3;0.0;100;9.7778
3;0.0;100;8.0191
3;0.0;150;8.4919
3;0.0;150;8.9702
3;0.0;150;8.8498
3;0.0;150;10.0381
3;0.0;150;8.373
3;0.0;200;7.381
3;0.0;200;10.4681
3;0.0;200;7.8678
3;0.0;200;11.3902
3;0.0;200;10.4385
3;0.0;250;12.2065
3;0.0;250;8.9016
3;0.0;250;10.9871
3;0.0;250;8.578
3;0.0;250;9.5201
3;0.0;300;7.5279
3;0.0;300;9.2405
3;0.0;300;11.5135
3;0.0;300;12.1743
3;0.0;300;6.7982
3;0.0;350;7.6085
3;0.0;350;9.6631
3;0.0;350;9.742
3;0.0;350;9.6796
3;0.0;350;7.8299
3;0.0;400;11.1368
3;0.0;400;8.8547
3;0.0;400;8.283
3;0.0;400;7.2717
3;0.0;400;10.4513
3;0.0;450;6.6108
3;0.0;450;8.1692
3;0.0;450;8.9058
3;0.0;450;9.7069
3;0.0;450;9.503
3;0.0;500;8.276
3;0.0;500;8.9952
3;0.0;500;9.8534
3;0.0;500;16.7606
3;0.0;500;12.1419
3;0.0;550;9.674
3;0.0;550;9.4598
3;0.0;550;9.9279
3;0.0;550;10.0918
3;0.0;550;7.9365
3;0.0;600;14.6519
3;0.0;600;7.9
3;0.0;600;14.5083
3;0.0;600;11.6584
3;0.0;600;7.7405
3;0.0;650;9.3582
3;0.0;650;11.7825
3;0.0;650;16.0756
3;0.0;650;9.0027
3;0.0;650;12.1591
3;0.0;700;11.9686
3;0.0;700;11.705
3;0.0;700;10.3299
3;0.0;700;10.8437
3;0.0;700;10.7658
3;0.0;750;9.2265
3;0.0;750;8.0119
3;0.0;750;11.0997
3;0.0;750;8.0085
3;0.0;750;18.4425
3;0.0;800;12.8502
3;0.0;800;7.8019
3;0.0;800;10.3535
3;0.0;800;9.1339
3;0.0;800;10.418
3;0.0;850;9.4947
3;0.0;850;15.9451
3;0.0;850;9.0815
3;0.0;850;8.448
3;0.0;850;8.5689
3;0.0;900;10.5362
3;0.0;900;12.5556
3;0.0;900;13.4174
3;0.0;900;7.5674
3;0.0;900;12.1992
3;0.0;950;14.1442
3;0.0;950;10.0137
3;0.0;950;10.3514
3;0.0;950;7.8246
3;0.0;950;9.912
3;0.0;1000;9.2865
3;0.0;1000;9.0228
3;0.0;1000;12.5984
3;0.0;1000;10.4329
3;0.0;1000;9.439
3;0.1;0;10.2941
3;0.1;0;14.6737
5;0.0;0;9.0362
5;0.0;0;7.7469
5;0.0;0;8.0501
5;0.0;0;7.5832
5;0.0;0;8.2216
5;0.0;2;9.5158
5;0.0;2;8.3946
5;0.0;2;11.2076
5;0.0;2;20.9239
5;0.0;2;14.2539
5;0.0;5;9.5247
5;0.0;5;8.6302
5;0.0;5;9.0713
5;0.0;5;13.6986
5;0.0;5;7.9244
5;0.0;10;8.0219
5;0.0;10;10.2428
5;0.0;10;8.7188
5;0.0;10;8.5297
5;0.0;10;11.5393
5;0.0;20;10.2051
5;0.0;20;11.1545
5;0.0;20;8.6156
5;0.0;20;15.0888
5;0.0;20;10.9933
5;0.0;50;9.4904
5;0.0;50;8.7557
5;0.0;50;8.9732
5;0.0;50;18.8717
5;0.0;50;13.1086
5;0.0;100;25.4625
5;0.0;100;15.7934
5;0.0;100;8.6079
5;0.0;100;12.5589
5;0.0;100;9.8955
5;0.0;150;7.526
5;0.0;150;8.5582
5;0.0;150;8.4681
5;0.0;150;14.5096
5;0.0;150;7.9018
5;0.0;200;11.4895
5;0.0;200;9.912
5;0.0;200;8.2891
5;0.0;200;11.5941
5;0.0;200;10.2773
5;0.0;250;10.1934
5;0.0;250;9.0133
5;0.0;250;11.1993
5;0.0;250;9.0115
5;0.0;250;9.6968
5;0.0;300;11.0533
5;0.0;300;14.1952
5;0.0;300;11.4905
5;0.0;300;8.3968
5;0.0;300;11.5288
5;0.0;350;8.9596
5;0.0;350;9.846
5;0.0;350;8.9702
5;0.0;350;8.6509
5;0.0;350;11.3288
5;0.0;400;8.2695
5;0.0;400;8.6327
5;0.0;400;10.5212
5;0.0;400;11.4387
5;0.0;400;10.9268
5;0.0;450;9.0499
5;0.0;450;9.4906
5;0.0;450;10.0883
5;0.0;450;10.1352
5;0.0;450;11.1537
5;0.0;500;10.2459
5;0.0;500;9.0865
5;0.0;500;12.0252
5;0.0;500;15.9409
5;0.0;500;12.731
5;0.0;550;9.0716
5;0.0;550;13.7203
5;0.0;550;13.4004
5;0.0;550;7.8525
5;0.0;550;10.3943
5;0.0;600;9.8681
5;0.0;600;11.3086
5;0.0;600;8.4784
5;0.0;600;11.5688
5;0.0;600;9.5442
5;0.0;650;8.6486
5;0.0;650;9.9695
5;0.0;650;8.733
5;0.0;650;10.3502
5;0.0;650;14.9678
5;0.0;700;12.0837
5;0.0;700;13.7642
5;0.0;700;12.6389
5;0.0;700;14.3693
5;0.0;700;8.6146
5;0.0;750;8.0492
5;0.0;750;7.6057
5;0.0;750;9.6856
5;0.0;750;9.245
5;0.0;750;10.2582
5;0.0;800;10.6575
5;0.0;800;11.1294
5;0.0;800;11.1066
5;0.0;800;7.526
5;0.0;800;9.2447
5;0.0;850;11.3361
5;0.0;850;12.2026
5;0.0;850;8.361
5;0.0;850;11.2261
5;0.0;850;8.5477
5;0.0;900;12.7413
5;0.0;900;10.9223
5;0.0;900;11.0336
5;0.0;900;13.9453
5;0.0;900;11.3924
5;0.0;950;13.9035
5;0.0;950;9.9765
5;0.0;950;11.3486
5;0.0;950;13.2991
5;0.0;950;11.1229
5;0.0;1000;8.7256
5;0.0;1000;13.3099
5;0.0;1000;7.5928
5;0.0;1000;11.4022
5;0.0;1000;11.167
5;0.1;0;9.0786
5;0.1;0;8.1066
5;0.1;0;9.8447
5;0.1;0;9.9769
5;0.1;0;9.2426
5;0.1;2;8.3807
5;0.1;2;10.0728
5;0.1;2;10.4294
5;0.1;2;9.1524
5;0.1;2;9.584
5;0.1;5;57.6137
5;0.1;5;8.7821
5;0.1;5;11.4658
5;0.1;5;11.6298
5;0.1;5;12.9864
5;0.1;10;10.043
5;0.1;10;10.906
5;0.1;10;7.74
5;0.1;10;10.1971
5;0.1;10;13.1269
5;0.1;20;9.3237
5;0.1;20;9.4223
5;0.1;20;9.0898
5;0.1;20;8.6126
5;0.1;20;8.011
5;0.1;50;9.7232
5;0.1;50;12.7228
5;0.1;50;8.7804
5;0.1;50;10.1606
5;0.1;50;9.4991
5;0.1;100;10.7157
5;0.1;100;9.2938
5;0.1;100;9.2503
5;0.1;100;10.9078
5;0.1;100;9.3937
5;0.1;150;10.4318
5;0.1;150;8.7113
5;0.1;150;9.3788
5;0.1;150;10.6165
5;0.1;150;12.2878
5;0.1;200;10.577
5;0.1;200;9.8285
5;0.1;200;9.1547
5;0.1;200;9.2158
5;0.1;200;9.9576
5;0.1;250;9.4286
5;0.1;250;11.6271
5;0.1;250;9.8749
5;0.1;250;10.8247
5;0.1;250;10.0524
5;0.1;300;12.2377
5;0.1;300;10.0081
5;0.1;300;10.9654
5;0.1;300;8.3726
5;0.1;300;9.5122
5;0.1;350;8.753
5;0.1;350;7.7993
5;0.1;350;8.6389
5;0.1;350;12.5188
5;0.1;350;6.9693
5;0.1;400;8.6654
5;0.1;400;9.936
5;0.1;400;8.7585
5;0.1;400;8.4713
5;0.1;400;8.6251
5;0.1;450;12.7999
5;0.1;450;9.8719
5;0.1;450;20.0931
5;0.1;450;9.7898
5;0.1;450;11.7037
5;0.1;500;11.0367
5;0.1;500;9.3725
5;0.1;500;12.0452
5;0.1;500;10.1918
5;0.1;500;14.8014
5;0.1;550;9.8094
5;0.1;550;9.0966
5;0.1;550;10.4312
5;0.1;550;11.1577
5;0.1;550;9.0771
5;0.1;600;8.3159
5;0.1;600;13.9748
5;0.1;600;16.2695
5;0.1;600;11.7546
5;0.1;600;9.6573
5;0.1;650;12.2473
5;0.1;650;9.9243
5;0.1;650;10.6682
5;0.1;650;10.7996
5;0.1;650;9.5058
5;0.1;700;8.4664
5;0.1;700;10.603
5;0.1;700;9.255
5;0.1;700;13.2351
5;0.1;700;8.1884
5;0.1;750;20.6715
5;0.1;750;10.511
5;0.1;750;8.3481
5;0.1;750;14.1525
5;0.1;750;9.2319
5;0.1;800;10.8651
5;0.1;800;11.936
5;0.1;800;14.0134
5;0.1;800;10.3478
5;0.1;800;11.4382
5;0.1;850;10.812
5;0.1;850;25.0306
5;0.1;850;10.4063
5;0.1;850;14.5319
5;0.1;850;13.3534
5;0.1;900;13.7248
5;0.1;900;12.0831
5;0.1;900;9.8703
5;0.1;900;10.9973
5;0.1;900;16.7362
5;0.1;950;10.9262
5;0.1;950;16.2348
5;0.1;950;13.0263
5;0.1;950;22.8738
5;0.1;950;24.0471
5;0.1;1000;18.2632
5;0.1;1000;13.9172
5;0.1;1000;14.7317
5;0.1;1000;20.7365
5;0.1;1000;12.1228
5;0.3;0;10.6323
5;0.3;0;8.9693
5;0.3;0;10.8283
5;0.3;0;12.3777
5;0.3;0;17.7478
5;0.3;2;13.78
5;0.3;2;14.0984
5;0.3;2;8.0386
5;0.3;2;12.1949
5;0.3;2;9.0273
5;0.3;5;9.488
5;0.3;5;9.6837
5;0.3;5;9.5381
5;0.3;5;9.5637
5;0.3;5;12.0685
5;0.3;10;9.8965
5;0.3;10;12.7248
5;0.3;10;12.3716
5;0.3;10;15.6667
5;0.3;10;15.4321
5;0.3;20;10.4841
5;0.3;20;13.5536
5;0.3;20;11.0586
5;0.3;20;13.06
5;0.3;20;15.4634
5;0.3;50;10.0541
5;0.3;50;13.8287
5;0.3;50;12.448
5;0.3;50;9.2516
5;0.3;50;8.1604
5;0.3;100;10.2372
5;0.3;100;9.5265
5;0.3;100;12.7119
5;0.3;100;10.0564
5;0.3;100;7.8325
5;0.3;150;8.9373
5;0.3;150;8.246
5;0.3;150;10.3641
5;0.3;150;11.2243
5;0.3;150;9.1043
5;0.3;200;10.4593
5;0.3;200;8.5442
5;0.3;200;8.4258
5;0.3;200;8.442
5;0.3;200;9.0877
5;0.3;250;11.3806
5;0.3;250;9.6256
5;0.3;250;7.6229
5;0.3;250;9.323
5;0.3;250;16.8246
5;0.3;300;10.5367
5;0.3;300;9.3073
5;0.3;300;10.4885
5;0.3;300;8.8331
5;0.3;300;8.7599
5;0.3;350;9.9797
5;0.3;350;8.3436
5;0.3;350;10.1105
5;0.3;350;8.6529
5;0.3;350;9.5574
5;0.3;400;9.5968
5;0.3;400;8.9466
5;0.3;400;9.5724
5;0.3;400;10.7892
5;0.3;400;12.5782
5;0.3;450;11.0763
5;0.3;450;14.9558
5;0.3;450;11.2508
5;0.3;450;8.9372
5;0.3;450;8.4025
5;0.3;500;14.2354
5;0.3;500;10.4628
5;0.3;500;8.2187
5;0.3;500;9.6807
5;0.3;500;9.3341
5;0.3;550;7.8731
5;0.3;550;9.3017
5;0.3;550;7.5455
5;0.3;550;11.9121
5;0.3;550;10.3315
5;0.3;600;9.414
5;0.3;600;7.6954
5;0.3;600;10.1403
5;0.3;600;8.6569
5;0.3;600;8.5442
5;0.3;650;8.2545
5;0.3;650;8.8783
5;0.3;650;9.3381
5;0.3;650;9.2212
5;0.3;650;11.4335
5;0.3;700;7.9907
5;0.3;700;9.4875
5;0.3;700;8.5993
5;0.3;700;10.4912
5;0.3;700;9.1098
5;0.3;750;10.5736
5;0.3;750;8.6599
5;0.3;750;10.8756
5;0.3;750;10.0499
5;0.3;750;9.7106
5;0.3;800;7.8868
5;0.3;800;12.3141
5;0.3;800;9.3547
5;0.3;800;9.1296
5;0.3;800;10.2529
5;0.3;850;9.8201
5;0.3;850;12.8253
5;0.3;850;8.2453
5;0.3;850;13.7805
5;0.3;850;13.6165
5;0.3;900;10.7878
5;0.3;900;11.5727
5;0.3;900;8.3433
5;0.3;900;8.1959
5;0.3;900;34.1516
5;0.3;950;8.2336
5;0.3;950;8.2163
5;0.3;950;9.6785
5;0.3;950;9.2765
5;0.3;950;21.2513
5;0.3;1000;17.2522
5;0.3;1000;11.3365
5;0.3;1000;17.1437
5;0.3;1000;12.8423
5;0.3;1000;12.5597
5;0.9;0;10.4772
5;0.9;0;10.6664
5;0.9;0;10.5936
5;0.9;0;9.3936
5;0.9;0;11.6751
5;0.9;2;11.0389
5;0.9;2;9.859
5;0.9;2;8.2899
5;0.9;2;10.4285
5;0.9;2;8.4242
5;0.9;5;8.693
5;0.9;5;10.073
5;0.9;5;9.8434
5;0.9;5;8.9253
5;0.9;5;8.498
5;0.9;10;19.3742
5;0.9;10;8.5051
5;0.9;10;9.2676
5;0.9;10;9.0428
5;0.9;10;10.0693
5;0.9;20;8.6378
5;0.9;20;8.2245
5;0.9;20;9.8917
5;0.9;20;9.6
5;0.9;20;9.736
5;0.9;50;10.0284
5;0.9;50;9.7712
5;0.9;50;8.6923
5;0.9;50;7.141
5;0.9;50;10.7837
5;0.9;100;10.4108
5;0.9;100;18.1806
5;0.9;100;20.3069
5;0.9;100;14.0673
5;0.9;100;8.73
5;0.9;150;13.179
5;0.9;150;9.2902
5;0.9;150;8.9854
5;0.9;150;7.9376
5;0.9;150;9.988
5;0.9;200;10.0374
5;0.9;200;8.3226
5;0.9;200;10.1137
5;0.9;200;22.7406
5;0.9;200;13.2359
5;0.9;250;15.12
5;0.9;250;17.979
5;0.9;250;12.5732
5;0.9;250;13.7203
5;0.9;250;11.678
5;0.9;300;11.2654
5;0.9;300;9.7288
5;0.9;300;9.983
5;0.9;300;13.1608
5;0.9;300;9.7073
5;0.9;350;11.7879
5;0.9;350;8.2969
5;0.9;350;13.3332
5;0.9;350;10.9652
5;0.9;350;8.6394
5;0.9;400;12.1268
5;0.9;400;9.9981
5;0.9;400;8.7231
5;0.9;400;16.8343
5;0.9;400;7.336
5;0.9;450;9.3035
5;0.9;450;8.6716
5;0.9;450;9.9275
5;0.9;450;16.4216
5;0.9;450;14.0536
5;0.9;500;13.3341
5;0.9;500;9.7195
5;0.9;500;11.4008
5;0.9;500;15.5956
5;0.9;500;13.4735
5;0.9;550;9.7211
5;0.9;550;37.4501
5;0.9;550;10.8599
5;0.9;550;13.1254
5;0.9;550;9.5182
5;0.9;600;9.3876
5;0.9;600;10.5442
5;0.9;600;11.5679
5;0.9;600;9.7123
5;0.9;600;10.5809
5;0.9;650;8.7177
5;0.9;650;10.3507
5;0.9;650;7.8388
5;0.9;650;10.314
5;0.9;650;11.072
5;0.9;700;12.0412
5;0.9;700;9.1795
5;0.9;700;7.1591
5;0.9;700;15.81
5;0.9;700;19.5715
5;0.9;750;15.8495
5;0.9;750;16.0003
5;0.9;750;13.7091
5;0.9;750;8.9842
5;0.9;750;12.0643
5;0.9;800;7.3207
5;0.9;800;8.983
5;0.9;800;11.7301
5;0.9;800;8.3933
5;0.9;800;9.0727
5;0.9;850;8.3575
5;0.9;850;8.656
5;0.9;850;11.5689
5;0.9;850;9.332
5;0.9;850;11.7857
5;0.9;900;12.6113
5;0.9;900;10.4708
5;0.9;900;13.5308
5;0.9;900;10.6615
5;0.9;900;8.3068
5;0.9;950;18.0888
5;0.9;950;21.2959
5;0.9;950;25.3695
5;0.9;950;10.0264
5;0.9;950;10.202
5;0.9;1000;7.3348
5;0.9;1000;29.6963
5;0.9;1000;10.44
5;0.9;1000;10.9075
5;0.9;1000;9.2106
5;1.0;0;12.0622
5;1.0;0;9.4657
5;1.0;0;10.3468
5;1.0;0;18.6598
5;1.0;0;10.3268
5;1.0;2;10.8165
5;1.0;2;11.2
5;1.0;2;11.7006
5;1.0;2;11.3055
5;1.0;2;9.4274
5;1.0;5;9.24
5;1.0;5;8.8367
5;1.0;5;8.3462
5;1.0;5;9.8599
5;1.0;5;9.2983
5;1.0;10;10.8933
5;1.0;10;12.5867
5;1.0;10;8.7834
5;1.0;10;19.3343
5;1.0;10;8.9358
5;1.0;20;14.6727
5;1.0;20;11.6301
5;1.0;20;10.0921
5;1.0;20;27.4997
5;1.0;20;9.1249
5;1.0;50;12.6623
5;1.0;50;13.8572
5;1.0;50;14.2043
5;1.0;50;8.1683
5;1.0;50;9.7401
5;1.0;100;10.267
5;1.0;100;10.5496
5;1.0;100;8.9547
5;1.0;100;12.0935
5;1.0;100;16.2861
5;1.0;150;12.2461
5;1.0;150;9.3536
5;1.0;150;11.4681
5;1.0;150;10.4729
5;1.0;150;10.5131
5;1.0;200;16.1957
5;1.0;200;9.9687
5;1.0;200;10.6909
5;1.0;200;29.4991
5;1.0;200;9.4671
5;1.0;250;11.6272
5;1.0;250;12.4577
5;1.0;250;8.7208
5;1.0;250;7.357
5;1.0;250;8.5992
5;1.0;300;10.4778
5;1.0;300;98.911
5;1.0;300;9.8121
5;1.0;300;11.0347
5;1.0;300;7.988
5;1.0;350;8.7084
5;1.0;350;10.3178
5;1.0;350;12.0019
5;1.0;350;11.1178
5;1.0;350;68.8939
5;1.0;400;14.2593
5;1.0;400;14.0986
5;1.0;400;11.8631
5;1.0;400;8.4047
5;1.0;400;15.7617
5;1.0;450;14.639
5;1.0;450;24.8626
5;1.0;450;13.1018
5;1.0;450;9.8157
5;1.0;450;12.9245
5;1.0;500;16.8204
5;1.0;500;13.0423
5;1.0;500;15.0402
5;1.0;500;19.6455
5;1.0;500;11.9309
5;1.0;550;14.6513
5;1.0;550;18.5813
5;1.0;550;20.0058
5;1.0;550;10.3445
5;1.0;550;10.7173
5;1.0;600;13.6577
5;1.0;600;16.2978
5;1.0;600;11.8979
5;1.0;600;13.1909
5;1.0;600;11.3113
5;1.0;650;9.6766
5;1.0;650;10.3083
5;1.0;650;15.9349
5;1.0;650;18.2612
5;1.0;650;15.0959
5;1.0;700;16.2864
5;1.0;700;11.2818
5;1.0;700;12.7553
5;1.0;700;12.7345
5;1.0;700;16.4653
5;1.0;750;16.82
5;1.0;750;18.2868
5;1.0;750;21.866
5;1.0;750;10.1938
5;1.0;750;17.9459
10;0.0;0;10.8248
10;0.0;0;9.8236
10;0.0;0;11.503
10;0.0;0;10.6859
10;0.0;0;11.4332
10;0.0;2;10.502
10;0.0;2;12.478
10;0.0;2;13.7833
10;0.0;2;11.91
10;0.0;2;12.7184
10;0.0;5;17.3718
10;0.0;5;10.9237
10;0.0;5;15.6245
10;0.0;5;15.6305
10;0.0;5;14.6221
10;0.0;10;16.7677
10;0.0;10;15.4508
10;0.0;10;31.6517
10;0.0;10;27.3967
10;0.0;10;28.9081
10;0.0;20;27.3486
10;0.0;20;48.4003
10;0.0;20;39.3914
10;0.0;20;15.2225
10;0.0;20;45.1707
10;0.0;50;29.8698
10;0.0;50;38.0835
10;0.0;50;29.2819
10;0.0;50;48.6181
10;0.0;50;39.8533
10;0.0;100;46.1064
10;0.0;100;41.0925
10;0.0;100;39.2817
10;0.0;100;14.9488
10;0.0;100;16.6748
10;0.0;150;13.7189
10;0.0;150;12.0817
10;0.0;150;35.5853
10;0.0;150;32.3858
10;0.0;150;43.6752
10;0.0;200;21.1604
10;0.0;200;20.47
10;0.0;200;30.6121
10;0.0;200;35.3329
10;0.0;200;25.3118
10;0.0;250;26.6126
10;0.0;250;21.3269
10;0.0;250;42.9394
10;0.0;250;13.4293
10;0.0;250;25.3121
10;0.0;300;20.2482
10;0.0;300;14.3611
10;0.0;300;58.832
10;0.0;300;20.5057
10;0.0;300;19.1859
10;0.0;350;20.0235
10;0.0;350;48.696
10;0.0;350;35.1306
10;0.0;350;45.5286
10;0.0;350;18.0905
10;0.0;400;33.0858
10;0.0;400;13.5726
10;0.0;400;42.8116
10;0.0;400;23.1796
10;0.0;400;49.868
10;0.0;450;52.2076
10;0.0;450;18.1798
10;0.0;450;24.7672
10;0.0;450;16.0267
10;0.0;450;16.898
10;0.0;500;20.7857
10;0.0;500;12.2079
10;0.0;500;26.4661
10;0.0;500;18.2913
10;0.0;500;18.8718
10;0.0;550;52.3995
10;0.0;550;18.383
10;0.0;550;80.0619
10;0.0;550;34.9542
10;0.0;550;62.6418
10;0.0;600;28.403
10;0.0;600;30.1403
10;0.0;600;38.7179
10;0.0;600;81.3478
10;0.0;600;26.0569
10;0.0;650;48.612
10;0.0;650;36.9329
10;0.0;650;63.5869
10;0.0;650;64.0416
10;0.0;650;25.9944
10;0.0;700;41.5708
10;0.0;700;49.6722
10;0.0;700;20.3634
10;0.0;700;26.2196
10;0.0;700;68.2389
10;0.0;750;25.9623
10;0.0;750;44.0941
10;0.0;750;37.8009
10;0.0;750;23.7821
10;0.0;750;68.8604
10;0.0;800;53.0837
10;0.0;800;18.1939
10;0.0;800;65.7869
10;0.0;800;16.4413
10;0.0;800;13.8983
10;0.0;850;40.0436
10;0.0;850;19.1117
10;0.0;850;20.0916
10;0.0;850;65.3818
10;0.0;850;46.4273
10;0.0;900;30.012
10;0.0;900;20.5169
10;0.0;900;25.6576
10;0.0;900;42.0344
10;0.0;900;16.9992
10;0.0;950;31.547
10;0.0;950;29.7745
10;0.0;950;22.9152
10;0.0;950;69.225
10;0.0;950;17.1499
10;0.0;1000;40.7923
10;0.0;1000;21.9655
10;0.0;1000;38.5147
10;0.0;1000;26.22
10;0.0;1000;37.831
10;0.1;0;11.5384
10;0.1;0;15.8356
10;0.1;0;11.3891
10;0.1;0;10.4033
10;0.1;0;12.6334
10;0.1;2;13.9029
10;0.1;2;14.766
10;0.1;2;14.8193
10;0.1;2;13.4059
10;0.1;2;13.2193
10;0.1;5;13.9198
10;0.1;5;14.0722
10;0.1;5;15.0903
10;0.1;5;15.2645
10;0.1;5;13.6589
10;0.1;10;24.446
10;0.1;10;34.9385
10;0.1;10;20.5291
10;0.1;10;14.8615
10;0.1;10;35.5592
10;0.1;20;38.9748
10;0.1;20;43.95
10;0.1;20;38.2787
10;0.1;20;43.0448
10;0.1;20;23.3742
10;0.1;50;30.108
10;0.1;50;24.4454
10;0.1;50;16.7824
10;0.1;50;24.9828
10;0.1;50;33.072
10;0.1;100;22.0367
10;0.1;100;32.5987
10;0.1;100;57.3734
10;0.1;100;33.3223
10;0.1;100;44.7808
10;0.1;150;13.3988
10;0.1;150;65.7981
10;0.1;150;62.8841
10;0.1;150;60.9247
10;0.1;150;11.7847
10;0.1;200;21.298
10;0.1;200;15.4174
10;0.1;200;46.663
10;0.1;200;15.5464
10;0.1;200;24.481
10;0.1;250;45.1488
10;0.1;250;24.0499
10;0.1;250;27.9414
10;0.1;250;34.5998
10;0.1;250;15.1722
10;0.1;300;12.3467
10;0.1;300;19.7178
10;0.1;300;18.1068
10;0.1;300;70.9791
10;0.1;300;35.9651
10;0.1;350;38.2583
10;0.1;350;16.7646
10;0.1;350;12.592
10;0.1;350;41.4312
10;0.1;350;53.5052
10;0.1;400;62.9323
10;0.1;400;55.7294
10;0.1;400;35.9611
10;0.1;400;38.5913
10;0.1;400;25.1194
10;0.1;450;25.881
10;0.1;450;27.1816
10;0.1;450;41.9122
10;0.1;450;33.913
10;0.1;450;20.5001
10;0.1;500;23.6136
10;0.1;500;47.0332
10;0.1;500;50.6944
10;0.1;500;27.5648
10;0.1;500;40.149
10;0.1;550;17.5051
10;0.1;550;16.9983
10;0.1;550;61.5271
10;0.1;550;24.9272
10;0.1;550;36.6935
10;0.1;600;84.0003
10;0.1;600;13.8629
10;0.1;600;19.9114
10;0.1;600;62.4149
10;0.1;600;54.3869
10;0.1;650;26.2609
10;0.1;650;84.0464
10;0.1;650;26.6178
10;0.1;650;21.9484
10;0.1;650;38.5229
10;0.1;700;44.9837
10;0.1;700;35.1236
10;0.1;700;29.2271
10;0.1;700;43.3794
10;0.1;700;23.6064
10;0.1;750;20.4201
10;0.1;750;40.9816
10;0.1;750;14.4031
10;0.1;750;34.8044
10;0.1;750;12.4356
10;0.1;800;57.3608
10;0.1;800;50.6585
10;0.1;800;27.6334
10;0.1;800;45.5662
10;0.1;800;101.8145
10;0.1;850;32.1142
10;0.1;850;27.7923
10;0.1;850;61.8652
10;0.1;850;12.1516
10;0.1;850;32.2836
10;0.1;900;41.7594
10;0.1;900;25.8513
10;0.1;900;24.3185
10;0.1;900;46.9133
10;0.1;900;71.5257
10;0.1;950;37.493
10;0.1;950;39.6395
10;0.1;950;19.1656
10;0.1;950;15.7217
10;0.1;950;15.1139
10;0.1;1000;58.3955
10;0.1;1000;50.8708
10;0.1;1000;29.7402
10;0.1;1000;46.4027
10;0.1;1000;12.352
10;1.0;0;9.9111
10;1.0;0;12.7551
10;1.0;0;13.7798
10;1.0;0;16.3462
10;1.0;0;11.7544
10;1.0;2;26.3112
10;1.0;2;14.6871
10;1.0;2;17.4143
10;1.0;2;22.1104
10;1.0;2;16.6287
10;1.0;5;17.5638
10;1.0;5;15.3031
10;1.0;5;14.9439
10;1.0;5;15.957
10;1.0;5;16.3304
10;1.0;10;26.8022
10;1.0;10;12.2064
10;1.0;10;17.19
10;1.0;10;13.2696
10;1.0;10;64.5773
10;1.0;20;20.9901
10;1.0;20;29.7507
10;1.0;20;28.7498
10;1.0;20;36.5121
10;1.0;20;30.2347
10;1.0;50;28.5784
10;1.0;50;30.6591
10;1.0;50;73.1983
10;1.0;50;24.9157
10;1.0;50;24.6384
10;1.0;100;41.9342
10;1.0;100;38.7985
10;1.0;100;35.7403
10;1.0;100;74.525
10;1.0;100;53.1505
10;1.0;150;39.9742
10;1.0;150;20.1848
10;1.0;150;42.0193
10;1.0;150;50.7644
10;1.0;150;60.7367
10;1.0;200;35.871
10;1.0;200;20.922
10;1.0;200;52.1329
10;1.0;200;38.6477
10;1.0;200;30.4046
10;1.0;250;36.6449
10;1.0;250;50.596
10;1.0;250;39.9375
10;1.0;250;37.2138
10;1.0;250;23.4802
10;1.0;300;28.8966
10;1.0;300;42.2829
10;1.0;300;13.272
10;1.0;300;28.9586
10;1.0;300;84.5641
10;1.0;350;32.8757
10;1.0;350;27.7805
10;1.0;350;13.9436
10;1.0;350;49.259
10;1.0;350;36.8266
10;1.0;400;48.4776
10;1.0;400;14.9511
10;1.0;400;51.1687
10;1.0;400;34.7746
10;1.0;400;22.7297
10;1.0;450;27.1943
10;1.0;450;59.2885
10;1.0;450;22.2889
10;1.0;450;57.8281
10;1.0;450;44.1614
10;1.0;500;44.4287
10;1.0;500;48.7386
10;1.0;500;17.3114
10;1.0;500;53.3376
10;1.0;500;38.2389
10;1.0;550;58.4284
10;1.0;550;25.4152
10;1.0;550;14.0629
10;1.0;550;48.5152
10;1.0;550;36.3996
10;1.0;600;17.2071
10;1.0;600;67.6729
10;1.0;600;17.5437
10;1.0;600;19.0669
10;1.0;600;72.2829
10;1.0;650;32.1485
10;1.0;650;29.0887
10;1.0;650;42.4981
10;1.0;650;61.4691
10;1.0;650;43.2055
10;1.0;700;16.2134
10;1.0;700;28.4336
10;1.0;700;24.3697
10;1.0;700;16.1159
10;1.0;700;22.1221
10;1.0;750;28.3828
10;1.0;750;17.9959
10;1.0;750;43.3428
10;1.0;750;50.2537
10;1.0;750;61.8269
10;1.0;800;55.4466
10;1.0;800;51.0
10;1.0;800;41.3807
10;1.0;800;33.6297
10;1.0;800;61.4725
10;1.0;850;22.4853
10;1.0;850;63.8012
10;1.0;850;12.0531
10;1.0;850;22.8694
10;1.0;850;36.6234
10;1.0;900;31.4797
10;1.0;900;37.2754
10;1.0;900;48.0787
10;1.0;900;17.5362
10;1.0;900;12.977
10;1.0;950;47.8154
10;1.0;950;14.2941
10;1.0;950;20.4905
10;1.0;950;42.0328
10;1.0;950;74.2802
10;1.0;1000;35.371
10;1.0;1000;67.4556
10;1.0;1000;44.0533
10;1.0;1000;18.2331
10;1.0;1000;54.409
100;0.0;0;73.205
100;0.0;0;80.221
100;0.0;0;71.8604
100;0.0;0;75.4183
100;0.0;0;76.4724
100;0.0;2;67.9727
100;0.0;2;75.2569
100;0.0;2;91.3541
100;0.0;2;81.9389
100;0.0;2;114.2872
100;0.0;5;82.9578
100;0.0;5;93.3565
100;0.0;5;71.1823
100;0.0;5;66.3768
100;0.0;5;80.31
100;0.0;10;85.0762
100;0.0;10;81.7635
100;0.0;10;90.6698
100;0.0;10;80.7754
100;0.0;10;76.8428
100;0.0;20;94.9365
100;0.0;20;99.7888
100;0.0;20;85.2926
100;0.0;20;96.8681
100;0.0;20;142.3125
100;0.0;50;199.8835
100;0.0;50;147.1397
100;0.0;50;122.5991
100;0.0;50;225.0284
100;0.0;50;132.9486
100;0.0;100;170.9115
100;0.0;100;289.6605
100;0.0;100;187.3628
100;0.0;100;150.9577
100;0.0;100;231.7728
100;0.0;150;232.0597
100;0.0;150;251.45
100;0.0;150;275.6956
100;0.0;150;193.0594
100;0.0;150;287.9033
100;0.0;200;256.4868
100;0.0;200;301.2592
100;0.0;200;268.9599
100;0.0;200;267.4181
100;0.0;200;297.6935
100;0.0;250;362.7018
100;0.0;250;350.0315
100;0.0;250;308.1924
100;0.0;250;382.5573
100;0.0;250;354.0208
100;0.0;300;391.6018
100;0.0;300;399.5143
100;0.0;300;396.3751
100;0.0;300;350.4595
100;0.0;300;350.2347
100;0.0;350;407.121
100;0.0;350;414.9001
100;0.0;350;444.9711
100;0.0;350;437.2097
100;0.0;350;436.6289
100;0.0;400;439.9637
100;0.0;400;438.6833
100;0.0;400;479.8828
100;0.0;400;535.9635
100;0.0;400;470.2529
100;0.0;450;514.646
100;0.0;450;528.3535
100;0.0;450;560.7524
100;0.0;450;494.5548
100;0.0;450;497.4075
100;0.0;500;547.6177
100;0.0;500;564.8929
100;0.0;500;539.8779
100;0.0;500;538.8238
100;0.0;500;582.7493
100;0.0;550;595.6269
100;0.0;550;612.5157
100;0.0;550;640.0901
100;0.0;550;608.7029
100;0.0;550;609.3466
100;0.0;600;645.3095
100;0.0;600;641.4565
100;0.0;600;638.2782
100;0.0;600;665.26
100;0.0;600;639.8461
100;0.0;650;704.9825
100;0.0;650;720.9539
100;0.0;650;732.4487
100;0.0;650;723.7862
100;0.0;650;713.9183
100;0.0;700;755.0239
100;0.0;700;740.1823
100;0.0;700;525.7353
100;0.0;700;753.1839
100;0.0;700;746.983
100;0.0;750;800.6146
100;0.0;750;862.4384
100;0.0;750;826.349
100;0.0;750;832.0038
100;0.0;750;831.2231
100;0.0;800;594.4459
100;0.0;800;615.7505
100;0.0;800;851.338
100;0.0;800;818.4834
100;0.0;800;536.2681
100;0.0;850;660.5707
100;0.0;850;459.3814
100;0.0;850;880.4895
100;0.0;850;537.8261
100;0.0;850;884.9462
100;0.0;900;954.6827
100;0.0;900;948.665
100;0.0;900;568.7753
100;0.0;900;939.7296
100;0.0;900;590.9159
100;0.0;950;184.525
100;0.0;950;998.7661
100;0.0;950;1062.2757
100;0.0;950;1005.1116
100;0.0;950;846.4933
100;0.0;1000;1058.1391
100;0.0;1000;982.4341
100;0.0;1000;1062.9359
100;0.0;1000;1063.8837
100;0.0;1000;1097.0023
100;0.1;0;83.6388
100;0.1;0;87.9881
100;0.1;0;79.3312
100;0.1;0;111.3949
100;0.1;0;119.7911
100;0.1;2;89.2501
100;0.1;2;81.0432
100;0.1;2;85.5806
100;0.1;2;78.6345
100;0.1;2;83.0424
100;0.1;5;116.6119
100;0.1;5;89.7241
100;0.1;5;86.2892
100;0.1;5;107.5356
100;0.1;5;98.7171
100;0.1;10;111.2534
100;0.1;10;89.0368
100;0.1;10;125.1654
100;0.1;10;89.5363
100;0.1;10;90.4968
100;0.1;20;92.8186
100;0.1;20;88.6551
100;0.1;20;145.6001
100;0.1;20;90.506
100;0.1;20;97.2288
100;0.1;50;107.454
100;0.1;50;108.223
100;0.1;50;140.7087
100;0.1;50;99.454
100;0.1;50;117.1325
100;0.1;100;139.5815
100;0.1;100;186.528
100;0.1;100;165.4046
100;0.1;100;198.828
100;0.1;100;209.9673
100;0.1;150;233.9984
100;0.1;150;267.1323
100;0.1;150;253.1592
100;0.1;150;219.5865
100;0.1;150;263.6653
100;0.1;200;311.5541
100;0.1;200;236.7838
100;0.1;200;247.1601
100;0.1;200;236.7767
100;0.1;200;248.4009
100;0.1;250;304.9046
100;0.1;250;307.1575
100;0.1;250;311.36
100;0.1;250;288.0402
100;0.1;250;315.5516
100;0.1;300;382.5027
100;0.1;300;333.041
100;0.1;300;350.8657
100;0.1;300;369.4406
100;0.1;300;389.576
100;0.1;350;496.312
100;0.1;350;385.3583
100;0.1;350;404.4115
100;0.1;350;381.5025
100;0.1;350;445.597
100;0.1;400;515.4245
100;0.1;400;442.2665
100;0.1;400;453.529
100;0.1;400;441.865
100;0.1;400;449.8626
100;0.1;450;514.4379
100;0.1;450;479.3383
100;0.1;450;509.8359
100;0.1;450;495.4161
100;0.1;450;471.5261
100;0.1;500;559.505
100;0.1;500;540.159
100;0.1;500;542.0995
100;0.1;500;546.557
100;0.1;500;558.0211
100;0.1;550;588.629
100;0.1;550;584.8479
100;0.1;550;600.975
100;0.1;550;590.1947
100;0.1;550;598.153
100;0.1;600;634.7651
100;0.1;600;629.5615
100;0.1;600;669.1382
100;0.1;600;690.2263
100;0.1;600;664.7766
100;0.1;650;733.3366
100;0.1;650;713.0171
100;0.1;650;689.8187
100;0.1;650;709.364
100;0.1;650;731.3859
100;0.1;700;753.0726
100;0.1;700;766.0805
100;0.1;700;741.4371
100;0.1;700;756.4936
100;0.1;700;749.8794
100;0.1;750;946.0036
100;0.1;750;799.3893
100;0.1;750;803.6493
100;0.1;750;788.5632
100;0.1;750;804.2965
100;0.1;800;830.3129
100;0.1;800;836.8772
100;0.1;800;846.9313
100;0.1;800;846.6897
100;0.1;800;866.5944
100;0.1;850;886.6918
100;0.1;850;915.683
100;0.1;850;891.4072
100;0.1;850;924.494
100;0.1;850;921.4028
100;0.1;900;934.5421
100;0.1;900;924.1786
100;0.1;900;938.1978
100;0.1;900;938.9667
100;0.1;900;934.365
100;0.1;950;1003.1021
100;0.1;950;311.1357
100;0.1;950;982.9498
100;0.1;950;1011.8813
100;0.1;950;994.4847
100;0.1;1000;1047.982
100;0.1;1000;1046.3285
100;0.1;1000;1059.8866
100;0.1;1000;1053.3255
100;0.1;1000;1065.8466
100;1.0;0;97.5259
100;1.0;0;83.6033
100;1.0;0;90.856
100;1.0;0;83.3661
100;1.0;0;92.7734
100;1.0;2;95.139
100;1.0;2;101.9666
100;1.0;2;77.5978
100;1.0;2;86.37
100;1.0;2;86.1736
100;1.0;5;116.2841
100;1.0;5;82.8335
100;1.0;5;93.7307
100;1.0;5;100.68
100;1.0;5;82.7225
100;1.0;10;89.2005
100;1.0;10;98.23
100;1.0;10;103.2423
100;1.0;10;89.7748
100;1.0;10;95.9751
100;1.0;20;109.1065
100;1.0;20;95.2722
100;1.0;20;112.1352
100;1.0;20;103.9754
100;1.0;20;115.4683
100;1.0;50;164.4596
100;1.0;50;155.3491
100;1.0;50;114.3969
100;1.0;50;118.5639
100;1.0;50;121.6358
100;1.0;100;173.3317
100;1.0;100;185.3587
100;1.0;100;196.8593
100;1.0;100;164.489
100;1.0;100;179.8082
100;1.0;150;234.7947
100;1.0;150;261.0662
100;1.0;150;275.3662
100;1.0;150;221.0076
100;1.0;150;305.0582
100;1.0;200;281.19
100;1.0;200;280.8117
100;1.0;200;275.1262
100;1.0;200;232.6699
100;1.0;200;241.9888
100;1.0;250;341.0343
100;1.0;250;318.1494
100;1.0;250;326.7374
100;1.0;250;301.3754
100;1.0;250;332.6427
100;1.0;300;400.5366
100;1.0;300;355.4639
100;1.0;300;404.3347
100;1.0;300;336.2054
100;1.0;300;366.6139
100;1.0;350;389.2925
100;1.0;350;434.5836
100;1.0;350;432.2947
100;1.0;350;385.7419
100;1.0;350;448.7273
100;1.0;400;427.6461
100;1.0;400;438.007
100;1.0;400;465.2291
100;1.0;400;432.9515
100;1.0;400;447.5847
100;1.0;450;497.6521
100;1.0;450;517.4439
100;1.0;450;516.8713
100;1.0;450;518.9767
100;1.0;450;490.0155
100;1.0;500;537.0445
100;1.0;500;552.7484
100;1.0;500;553.4728
100;1.0;500;551.0931
100;1.0;500;546.8105
100;1.0;550;585.8551
100;1.0;550;590.6617
100;1.0;550;575.7186
100;1.0;550;590.0128
100;1.0;550;602.8219
100;1.0;600;616.8938
100;1.0;600;641.1717
100;1.0;600;652.0192
100;1.0;600;628.5834
100;1.0;600;644.2397
100;1.0;650;685.7943
100;1.0;650;713.5165
100;1.0;650;706.438
100;1.0;650;715.9529
100;1.0;650;699.3269
100;1.0;700;270.2869
100;1.0;700;750.1494
100;1.0;700;733.8137
100;1.0;700;738.0821
100;1.0;700;747.2328
100;1.0;750;795.7721
100;1.0;750;794.5911
100;1.0;750;845.0272
100;1.0;750;818.6727
100;1.0;750;792.2518
100;1.0;800;850.0751
100;1.0;800;853.9964
100;1.0;800;816.7144
100;1.0;800;839.6785
100;1.0;800;847.1329
100;1.0;850;883.778
100;1.0;850;904.8738
100;1.0;850;887.2733
100;1.0;850;890.9222
100;1.0;850;880.4444
100;1.0;900;963.329
100;1.0;900;930.0452
100;1.0;900;939.1847
100;1.0;900;945.0658
100;1.0;900;964.4986
100;1.0;950;988.2778
100;1.0;950;994.7193
100;1.0;950;987.5352
100;1.0;950;1001.978
100;1.0;950;989.4504
100;1.0;1000;1033.6701
100;1.0;1000;1028.1674
100;1.0;1000;1058.1168
100;1.0;1000;1063.5629
100;1.0;1000;1034.5135
50;0.0;0;75.1683
50;0.0;0;57.0777
50;0.0;0;63.0213
50;0.0;0;80.8816
50;0.0;0;68.3155
50;0.0;250;371.0843
50;0.0;250;313.7559
50;0.0;250;293.7366
50;0.0;250;324.7966
50;0.0;250;286.4588
50;0.0;500;543.5395
50;0.0;500;540.5359
50;0.0;500;538.0493
50;0.0;500;590.727
50;0.0;500;332.6176
50;0.0;750;781.8225
50;0.0;750;772.4044
50;0.0;750;633.4713
50;0.0;750;807.2745
50;0.0;750;840.1766
50;0.0;1000;1046.8447
50;0.0;1000;1029.0805
50;0.0;1000;1082.6734
50;0.0;1000;206.7548
50;0.0;1000;506.2548
50;0.0;1250;658.997
50;0.0;1250;497.2268
50;0.0;1250;691.9777
50;0.0;1250;1105.9366
50;0.0;1250;859.6905
50;0.0;1500;892.6799
50;0.0;1500;636.0247
50;0.0;1500;1262.5723
50;0.0;1500;1526.8093
50;0.0;1500;981.7674
50;0.0;1750;920.0635
50;0.0;1750;1803.8408
50;0.0;1750;721.4779
50;0.0;1750;1774.0208
50;0.0;1750;1203.5798
50;0.0;2000;589.1423
50;0.0;2000;1292.8111
50;0.0;2000;1056.4114
50;0.0;2000;295.6276
50;0.0;2000;860.2315
50;0.0;2250;606.1728
50;0.0;2250;917.8138
50;0.0;2250;1231.5978
50;0.0;2250;959.9774
50;0.0;2250;1040.6772
50;0.0;2500;444.117
50;0.0;2500;228.1009
50;0.0;2500;956.892
50;0.0;2500;1024.2569
50;0.0;2500;2166.3492
50;0.0;2750;1025.4236
50;0.0;2750;1166.0623
50;0.0;2750;964.4492
50;0.0;2750;1214.9515
50;0.0;2750;824.0989
50;0.0;3000;1123.0065
50;0.0;3000;605.6847
50;0.0;3000;1449.3146
50;0.0;3000;1123.8979
50;0.0;3000;773.4834
50;0.0;3250;1451.9409
50;0.0;3250;1773.1723
50;0.0;3250;1897.6653
50;0.0;3250;1035.2775
50;0.0;3250;1311.3943
50;0.0;3500;457.5051
50;0.0;3500;2150.9698
50;0.0;3500;1582.9644
50;0.0;3500;1739.3035
50;0.0;3500;2117.9336
50;0.0;3750;797.8525
50;0.0;3750;2206.9636
50;0.0;3750;3702.3218
50;0.0;3750;1115.2247
50;0.0;3750;976.8701
50;0.0;4000;806.5391
50;0.0;4000;454.342
50;0.0;4000;1836.4366
50;0.0;4000;1733.9071
50;0.0;4000;2386.6495
50;0.0;4250;2617.7657
50;0.0;4250;634.5013
50;0.0;4250;1202.4018
50;0.0;4250;1613.8351
50;0.0;4250;714.7427
50;0.0;4500;1071.1002
50;0.0;4500;703.2596
50;0.0;4500;1448.1254
50;0.0;4500;1119.9727
50;0.0;4500;1331.1143
50;0.0;4750;555.0417
50;0.0;4750;497.9501
50;0.0;4750;1878.0234
50;0.0;4750;1263.1192
50;0.0;4750;965.5204
50;0.1;0;36.5146
50;0.1;0;36.3537
50;0.1;0;44.2292
50;0.1;0;45.2404
50;0.1;0;72.5275
50;0.1;250;485.2707
50;0.1;250;323.8249
50;0.1;250;214.8057
50;0.1;250;278.9556
50;0.1;250;255.3869
50;0.1;500;535.6457
50;0.1;500;384.5743
50;0.1;500;512.4071
50;0.1;500;342.1857
50;0.1;500;341.5737
50;0.1;750;348.71
50;0.1;750;500.8033
50;0.1;750;826.7823
50;0.1;750;434.1636
50;0.1;750;326.4689
50;0.1;1000;1038.9121
50;0.1;1000;1039.403
50;0.1;1000;258.9144
50;0.1;1000;1043.7041
50;0.1;1000;371.9826
50;0.1;1250;1301.571
50;0.1;1250;563.9846
50;0.1;1250;675.873
50;0.1;1250;488.8259
50;0.1;1250;527.8514
50;0.1;1500;230.77
50;0.1;1500;221.9792
50;0.1;1500;362.0089
50;0.1;1500;503.0422
50;0.1;1500;700.9622
50;0.1;1750;1393.2138
50;0.1;1750;777.7548
50;0.1;1750;942.0389
50;0.1;1750;264.3336
50;0.1;1750;1798.8361
50;0.1;2000;897.3808
50;0.1;2000;569.62
50;0.1;2000;303.2609
50;0.1;2000;474.0911
50;0.1;2000;1275.6877
50;0.1;2250;228.2785
50;0.1;2250;839.281
50;0.1;2250;279.6916
50;0.1;2250;1184.6774
50;0.1;2250;265.164
50;0.1;2500;969.5959
50;0.1;2500;284.8729
50;0.1;2500;981.864
50;0.1;2500;209.3256
50;0.1;2500;1001.7623
50;0.1;2750;281.1592
50;0.1;2750;920.1391
50;0.1;2750;289.706
50;0.1;2750;581.4287
50;0.1;2750;788.5895
50;0.1;3000;818.9646
50;0.1;3000;913.812
50;0.1;3000;264.383
50;0.1;3000;319.4081
50;0.1;3000;1078.786
750;0.1;3250;312.7122
50;0.1;3250;948.6857
50;0.1;3250;522.6544
50;0.1;3250;253.0702
50;0.1;3250;325.7561
50;0.1;3500;1057.7856
50;0.1;3500;806.8399
50;0.1;3500;613.7409
50;0.1;3500;584.9569
50;0.1;3500;332.6468
50;0.1;3750;950.6714
50;0.1;3750;454.1728
50;0.1;3750;1568.2084
50;0.1;3750;389.3247
50;0.1;3750;365.4339
50;0.1;4000;423.9462
50;0.1;4000;737.7853
50;0.1;4000;234.0307
50;0.1;4000;910.456
50;0.1;4000;175.7995
50;0.1;4250;1194.2367
50;0.1;4250;1051.5855
50;0.1;4250;1122.3369
50;0.1;4250;909.137
50;0.1;4250;652.3668
50;0.1;4500;220.3684
50;0.1;4500;332.0879
50;0.1;4500;746.8918
50;0.1;4500;565.3188
50;0.1;4500;625.3536
50;0.1;4750;508.3002
50;0.1;4750;564.7963
50;0.1;4750;974.7977
50;0.1;4750;743.7584
50;0.1;4750;1137.0706
50;0.5;3250;374.7206
50;0.5;3250;1791.8574
50;0.5;3250;838.5118
50;0.5;3250;268.7428
50;0.5;3250;276.6058
50;0.5;3500;424.6693
50;0.5;3500;516.2703
50;0.5;3500;1097.8917
50;0.5;3500;697.9458
50;0.5;3500;366.8368
50;0.5;3750;242.7039
50;0.5;3750;1223.5818
50;0.5;3750;1141.5758
50;0.5;3750;725.0435
50;0.5;3750;506.474
50;0.5;4000;275.4067
50;0.5;4000;615.4257
50;0.5;4000;1651.0279
50;0.5;4000;175.6003
50;0.5;4000;995.0341
50;0.5;4250;312.4947
50;0.5;4250;331.8123
50;0.5;4250;579.8812
50;0.5;4250;1834.117
50;0.5;4250;252.6421
50;0.5;4500;415.513
50;0.5;4500;940.666
50;0.5;4500;255.3816
50;0.5;4500;682.6568
50;0.5;4500;405.2888
50;0.5;4750;166.4823
50;0.5;4750;801.521
50;0.5;4750;1397.3846
50;0.5;4750;1350.2779
50;0.5;4750;647.3032
50;1.0;3250;404.9787
50;1.0;3250;238.9094
50;1.0;3250;274.3993
50;1.0;3250;302.0535
50;1.0;3250;368.6027
50;1.0;3500;555.1664
50;1.0;3500;303.471
50;1.0;3500;367.4901
50;1.0;3500;730.5654
50;1.0;3500;1306.2047
50;1.0;3750;873.581
50;1.0;3750;349.5429
50;1.0;3750;526.0922
50;1.0;3750;736.9699
50;1.0;3750;1028.4485
50;1.0;4000;459.7722
50;1.0;4000;495.1364
50;1.0;4000;907.2674
50;1.0;4000;244.6331
50;1.0;4000;207.8899
50;1.0;4250;1046.1955
50;1.0;4250;744.3685
50;1.0;4250;346.2263
50;1.0;4250;389.7344
50;1.0;4250;257.515
50;1.0;4500;352.2668
50;1.0;4500;857.7599
50;1.0;4500;822.2014
50;1.0;4500;251.3534
50;1.0;4500;948.48
50;1.0;4750;556.2684
50;1.0;4750;272.5095
50;1.0;4750;634.9583
50;1.0;4750;906.7645
50;1.0;4750;279.4932
50;0.1;250;349.9056
50;0.1;250;352.5825
50;0.1;250;239.6007
50;0.1;250;427.9338
50;0.1;250;229.4635
50;0.1;500;557.6026
50;0.1;500;362.4224
50;0.1;500;513.219
50;0.1;500;215.3433
50;0.1;500;529.258
50;0.1;750;237.4918
50;0.1;750;817.2915
50;0.1;750;282.7151
50;0.1;750;804.0798
50;0.1;750;394.6097
50;0.1;1000;328.5191
50;0.1;1000;218.0678
50;0.1;1000;195.0598
50;0.1;1000;1040.417
50;0.1;1000;620.9646
50;0.1;1250;395.6476
50;0.1;1250;807.6672
50;0.1;1250;655.3506
50;0.1;1250;870.5103
50;0.1;1250;791.0611
50;0.1;1500;1084.9726
50;0.1;1500;1097.9644
50;0.1;1500;343.5457
50;0.1;1500;1266.3458
50;0.1;1500;1552.8366
50;0.1;1750;888.6339
50;0.1;1750;844.0898
50;0.1;1750;1031.1324
50;0.1;1750;477.777
50;0.1;1750;256.4482
50;0.1;2000;1076.241
50;0.1;2000;964.3424
50;0.1;2000;634.829
50;0.1;2000;1342.3587
50;0.1;2000;1432.5442
50;0.1;2250;794.168
50;0.1;2250;243.7196
50;0.1;2250;353.2367
50;0.1;2250;935.5859
50;0.1;2250;525.7795
50;0.1;2500;671.7249
50;0.1;2500;680.7099
50;0.1;2500;987.8533
50;0.1;2500;483.1366
50;0.1;2500;718.5519
50;0.1;2750;1145.0613
50;0.1;2750;432.6256
50;0.1;2750;603.3575
50;0.1;2750;674.7894
50;0.1;2750;1308.7086
50;0.1;3000;433.0393
50;0.1;3000;705.5677
50;0.1;3000;858.9905
50;0.1;3000;1663.7991
50;0.1;3000;579.1616
50;0.5;250;328.669
50;0.5;250;346.9794
50;0.5;250;358.3538
50;0.5;250;462.2161
50;0.5;250;479.02
50;0.5;500;645.6631
50;0.5;500;522.0738
50;0.5;500;417.5981
50;0.5;500;641.9448
50;0.5;500;571.0604
50;0.5;750;842.4162
50;0.5;750;789.7719
50;0.5;750;812.2072
50;0.5;750;790.3954
50;0.5;750;586.1973
50;0.5;1000;171.4754
50;0.5;1000;924.4408
50;0.5;1000;334.9666
50;0.5;1000;663.0181
50;0.5;1000;914.0695
50;0.5;1250;1264.8975
50;0.5;1250;1347.4961
50;0.5;1250;319.98
50;0.5;1250;1295.0424
50;0.5;1250;1281.9302
50;0.5;1500;411.3616
50;0.5;1500;1514.7134
50;0.5;1500;829.0238
50;0.5;1500;467.4861
50;0.5;1500;946.4699
50;0.5;1750;1267.9916
50;0.5;1750;872.2976
50;0.5;1750;614.7799
50;0.5;1750;1124.9043
50;0.5;1750;828.3642
50;0.5;2000;838.3361
50;0.5;2000;851.514
50;0.5;2000;389.7881
50;0.5;2000;214.3561
50;0.5;2000;712.8288
50;0.5;2250;294.5653
50;0.5;2250;112.3665
50;0.5;2250;1122.3594
50;0.5;2250;351.1241
50;0.5;2250;2398.7098
50;0.5;2500;971.6031
50;0.5;2500;974.0681
50;0.5;2500;937.769
50;0.5;2500;971.6535
50;0.5;2500;1123.8052
50;0.5;2750;202.0462
50;0.5;2750;722.6036
50;0.5;2750;601.5237
50;0.5;2750;1175.2183
50;0.5;2750;599.7006
50;0.5;3000;858.1851
50;0.5;3000;225.5993
50;0.5;3000;273.4353
50;0.5;3000;367.091
50;0.5;3000;334.7344
50;1.0;250;295.0021
50;1.0;250;225.8316
50;1.0;250;364.1917
50;1.0;250;312.6858
50;1.0;250;260.5282
50;1.0;500;203.9058
50;1.0;500;541.7048
50;1.0;500;139.4039
50;1.0;500;506.7317
50;1.0;500;600.0604
50;1.0;750;763.2961
50;1.0;750;784.6072
50;1.0;750;623.0655
50;1.0;750;383.0939
50;1.0;750;601.3062
50;1.0;1000;782.1865
50;1.0;1000;880.6034
50;1.0;1000;720.9968
50;1.0;1000;940.4598
50;1.0;1000;1050.9113
50;1.0;1250;450.1022
50;1.0;1250;1296.5832
50;1.0;1250;287.0563
50;1.0;1250;1328.3327
50;1.0;1250;1265.2326
50;1.0;1500;289.9675
50;1.0;1500;1513.7942
50;1.0;1500;732.4583
50;1.0;1500;225.0442
50;1.0;1500;507.8684
50;1.0;1750;506.4494
50;1.0;1750;412.7895
50;1.0;1750;814.2115
50;1.0;1750;364.8549
50;1.0;1750;1195.0712
50;1.0;2000;617.2714
50;1.0;2000;535.6919
50;1.0;2000;870.4756
50;1.0;2000;932.2372
50;1.0;2000;376.5274
50;1.0;2250;1092.1608
50;1.0;2250;617.4899
50;1.0;2250;816.7239
50;1.0;2250;409.3743
50;1.0;2250;966.0147
50;1.0;2500;336.8738
50;1.0;2500;259.0169
50;1.0;2500;286.4756
50;1.0;2500;743.8152
50;1.0;2500;415.0355
50;1.0;2750;450.6842
50;1.0;2750;288.7241
50;1.0;2750;281.3786
50;1.0;2750;617.0312
50;1.0;2750;817.7706
50;1.0;3000;328.6965
50;1.0;3000;927.8519
50;1.0;3000;1178.4443
50;1.0;3000;236.2111
50;1.0;3000;341.8711
20;0.0;0;17.9293
20;0.0;0;16.3577
20;0.0;0;18.5971
20;0.0;0;17.988
20;0.0;0;25.6184
20;0.1;0;20.6059
20;0.1;0;22.9328
20;0.1;0;25.0655
20;0.1;0;21.5541
20;0.1;0;22.495
20;1.0;0;25.2686
20;1.0;0;23.3124
20;1.0;0;19.5257
20;1.0;0;19.3362
20;1.0;0;27.8511
20;0.0;0;25.9632
20;0.0;0;27.8912
20;0.0;0;23.8962
20;0.0;0;26.4829
20;0.0;0;22.4743
30;0.0;0;23.0471
30;0.0;0;33.093
30;0.0;0;30.5813
30;0.0;0;28.2602
30;0.0;0;32.9928
30;0.1;0;28.0058
30;0.1;0;27.016
30;0.1;0;18.2934
30;0.1;0;21.5715
30;0.1;0;68.0691
30;1.0;0;26.3135
30;1.0;0;27.0058
30;1.0;0;25.0757
30;1.0;0;32.8106
30;1.0;0;24.0105
40;0.0;0;23.3763
40;0.0;0;23.3568
40;0.0;0;25.7628
40;0.0;0;39.4748
40;0.0;0;25.0065
40;0.1;0;36.5424
40;0.1;0;29.3231
40;0.1;0;29.5044
40;0.1;0;32.5973
40;0.1;0;32.6334
40;1.0;0;36.258
40;1.0;0;29.6262
40;1.0;0;29.9758
40;1.0;0;26.4205
40;1.0;0;32.367
40;0.0;5;40.9107
40;0.0;5;81.2758
40;0.0;5;39.9316
40;0.0;5;69.087
40;0.0;5;152.5749
40;0.1;5;55.0026
40;0.1;5;42.245
40;0.1;5;51.7965
40;0.1;5;41.6294
40;0.1;5;75.4953
40;1.0;5;46.799
40;1.0;5;33.5709
40;1.0;5;74.4099
40;1.0;5;61.3654
40;1.0;5;36.9187
40;0.0;5;88.0032
40;0.0;5;41.5375
40;0.0;5;49.0785
40;0.0;5;40.5808
40;0.0;5;34.9119
40;0.1;5;31.6836
40;0.1;5;33.5519
40;0.1;5;69.5743
40;0.1;5;36.1933
40;0.1;5;73.183
40;1.0;5;60.6431
40;1.0;5;29.9616
40;1.0;5;25.7989
40;1.0;5;55.0002
40;1.0;5;62.1542
100;0.0;2;89.1548
10;0.1;2;13.0525
10;0.1;2;13.0552
40;0.0;5;85.1431
40;0.0;5;90.7123
40;0.0;5;41.6217
40;0.0;5;75.192
40;0.0;5;36.435
40;0.1;5;62.0816
40;0.1;5;61.0664
40;0.1;5;34.5895
40;0.1;5;73.3772
40;0.1;5;31.9726
40;1.0;5;31.2077
40;1.0;5;28.7313

